,book-title,1st,2nd,3rd,4th,5th
0,1984,Animal Farm,The Handmaid's Tale,Brave New World,The Vampire Lestat,The Hours : A Novel
1,1st to Die: A Novel,Along Came a Spider,Roses Are Red,Pop Goes the Weasel,Violets Are Blue,Lightning
2,2nd Chance,Four Blind Mice,The Next Accident,Violets Are Blue,The Murder Book,Flesh and Blood
3,4 Blondes,The House of the Spirits,Pride and Prejudice,Pleading Guilty,Seabiscuit,Notes from a Small Island
4,A Bend in the Road,A Walk to Remember,The Last Time They Met : A Novel,Sea Glass: A Novel,Angels,Family Album
5,A Case of Need,Clear and Present Danger,Exclusive,Harvest,Mind Prey,The Hundred Secret Senses
6,"A Child Called \It\"": One Child's Courage to Survive""",A Man Named Dave: A Story of Triumph and Forgiveness,Range of Motion,On the Street Where You Live,Lightning,The Giver
7,A Civil Action,No Safe Place,The Genesis Code,The Temple of My Familiar,The Handmaid's Tale,The Shipping News : A Novel
8,A Day Late and a Dollar Short,Exclusive,The Simple Truth,We Were the Mulvaneys,Icy Sparks,Disclosure
9,A Fine Balance,The Hours : A Novel,The Amber Spyglass,The Blind Assassin,Falling Angels,Three Junes
10,A Great Deliverance,Death du Jour,Cry Wolf,C Is for Corpse,Winter Solstice,Cold Mountain
11,A Heartbreaking Work of Staggering Genius,Year of Wonders,The Giver,Blessings,The Girls' Guide to Hunting and Fishing,Plainsong
12,A Is for Alibi,E Is for Evidence: A Kinsey Millhone Mystery,K Is for Killer,I Is for Innocent,C Is for Corpse,B Is for Burglar
13,A Lesson Before Dying,Fall On Your Knees,The Virgin Suicides,"River, Cross My Heart",The Reader,Chicken Soup for the Woman's Soul
14,A Man Named Dave: A Story of Triumph and Forgiveness,Granny Dan,Blue Diary,"A Child Called \It\"": One Child's Courage to Survive""",The Rescue,The Kiss
15,A Man in Full,Absolute Power,The Angel of Darkness,Plum Island,Jacob Have I Loved,Easy Prey
16,A Map of the World,House of Sand and Fog,How to Make an American Quilt,Midwives: A Novel,The Rapture of Canaan,Cold Sassy Tree
17,A Painted House,The Brethren,We Were the Mulvaneys,Touching Evil,Fall On Your Knees,One for the Money
18,A Patchwork Planet,Mother of Pearl,Exclusive,Don't Stand Too Close to a Naked Man,Holes,Disclosure
19,A Prayer for Owen Meany,The Fourth Hand,Empire Falls,I Know Why the Caged Bird Sings,How to Be Good,Zen and the Art of Motorcycle Maintenance: An Inquiry into Values
20,A Thin Dark Line,Ashes to Ashes,The Ugly Duckling,Cry Wolf,The Face of Deception,Key of Light
21,A Thousand Acres,Charming Billy,The Hours : A Novel,The Bonfire of the Vanities,The Robber Bride,Pigs in Heaven
22,A Time to Kill,The Pelican Brief,The Client,The Firm,The Chamber,The Rainmaker
23,A Virtuous Woman,Blue Diary,Moo,The Reader,Back Roads,Slammerkin
24,A Walk to Remember,The Rescue,Nights in Rodanthe,The Notebook,Granny Dan,A Bend in the Road
25,A Widow for One Year,The God of Small Things,Into the Wild,Big Trouble,A Prayer for Owen Meany,The English Patient
26,A Wrinkle In Time,A Wrinkle in Time,The Phantom Tollbooth,Jacob Have I Loved,Harry Potter and the Order of the Phoenix,Mind Prey
27,A Wrinkle in Time,A Wrinkle In Time,Midnight in the Garden of Good and Evil,The Phantom Tollbooth,Mind Prey,The Catcher in the Rye
28,A Year in Provence,The Phantom Tollbooth,Coraline,A Wrinkle in Time,How to Make an American Quilt,Into the Wild
29,ANGELA'S ASHES,Love in the Time of Cholera,The Red Tent,The Catcher in the Rye,Schindler's List,Life of Pi
30,About a Boy,High Fidelity,How to Be Good,Notes from a Small Island,A Prayer for Owen Meany,Zen and the Art of Motorcycle Maintenance: An Inquiry into Values
31,Absolute Power,A Man in Full,Pleading Guilty,Airframe,Sphere,Fortune's Rocks : A Novel
32,Acceptable Risk,Chromosome 6,Invasion,Toxin,Watchers,Dolores Claiborne
33,Accident,Daddy,Vanished,Fine Things,Wifey,Wanderlust
34,Airframe,Sphere,Absolute Power,"Welcome to the World, Baby Girl!",Jurassic Park,Fatal Cure
35,All Around the Town,You Belong To Me,Before I Say Good-Bye,"Loves Music, Loves to Dance",Daddy's Little Girl,My Gal Sunday
36,All I Really Need to Know,It Was on Fire When I Lay Down on It,Message in a Bottle,Wizard and Glass,A Civil Action,Chocolat
37,All That Remains,From Potter's Field,Cruel and Unusual,Body of Evidence,The Body Farm,The Clinic
38,All the Pretty Horses,Second Nature,Smilla's Sense of Snow,"Like Water for Chocolate: A Novel in Monthly Installments With Recipes, Romances and Home Remedies",The Shipping News : A Novel,The Stone Diaries
39,Along Came a Spider,Kiss the Girls,Hide and Seek,The Clinic,The Client,1st to Die: A Novel
40,American Gods,The Golden Compass,The Eyre Affair: A Novel,Seabiscuit: An American Legend,The Amber Spyglass,Coraline
41,Angela's Ashes : A Memoir,Echoes,Harvest,Colony,I Know Why the Caged Bird Sings,Cold Sassy Tree
42,Angela's Ashes: A Memoir,The Hours : A Novel,A Widow for One Year,Plainsong,The Great Gatsby,Snow Falling on Cedars
43,Angels,A Bend in the Road,Exclusive,Girl in Hyacinth Blue,Under the Tuscan Sun,Dark Angel
44,Angels and Demons,The Da Vinci Code,The Sweet Potato Queens' Book of Love,Bel Canto: A Novel,A Wrinkle in Time,Tears of the Giraffe
45,"Angus, Thongs and Full-Frontal Snogging: Confessions of Georgia Nicolson",The Bad Beginning,Wicked: The Life and Times of the Wicked Witch of the West,Animal Farm,Confessions of an Ugly Stepsister : A Novel,Exclusive
46,Animal Dreams,The Bean Trees,Ladder of Years,Cold Mountain : A Novel,Winter Solstice,Love in the Time of Cholera
47,Animal Farm,1984,"Angus, Thongs and Full-Frontal Snogging: Confessions of Georgia Nicolson",Midnight,Second Nature,Call of the Wild
48,Anne Frank: The Diary of a Young Girl,"Scarlett : The Sequel to Margaret Mitchell's \Gone With the Wind\""""",How Stella Got Her Groove Back,"Like Water for Chocolate: A Novel in Monthly Installments, With Recipes, Romances, and Home Remedies",The Secret Garden,The Hours: A Novel
49,Anne of Avonlea,Anne of the Island,The Witness,Anne of Green Gables,Harry Potter and the Prisoner of Azkaban,Exclusive
50,Anne of Green Gables,Anne of the Island,Anne of Avonlea,Secrets,Midnight in the Garden of Good and Evil,The Alienist
51,Anne of the Island,Anne of Avonlea,Anne of Green Gables,Bridge to Terabithia,Secrets,A Thin Dark Line
52,Artemis Fowl,A Wrinkle in Time,Rising Tides,The Fourth Hand,Accident,Moo
53,Ashes to Ashes,A Thin Dark Line,Eyes of a Child,Standoff,The Plains of Passage,The Search
54,At Home in Mitford,Miss Julia Speaks Her Mind : A Novel,Cold Sassy Tree,Chicken Soup for the Soul,Wild Animus,Don't Stand Too Close to a Naked Man
55,Atonement : A Novel,Girl in Hyacinth Blue,"Like Water for Chocolate: A Novel in Monthly Installments, With Recipes, Romances, and Home Remedies",Balzac and the Little Chinese Seamstress : A Novel,A Man Named Dave: A Story of Triumph and Forgiveness,Anne of the Island
56,B Is for Burglar,F Is for Fugitive,D Is for Deadbeat,I Is for Innocent,G Is for Gumshoe,E Is for Evidence: A Kinsey Millhone Mystery
57,Back Roads,"River, Cross My Heart",A Lesson Before Dying,Midwives: A Novel,What Looks Like Crazy On An Ordinary Day,A Bend in the Road
58,Bag of Bones,The Tommyknockers,Desperation,Carrie,It,Skeleton Crew
59,Balzac and the Little Chinese Seamstress : A Novel,Girl in Hyacinth Blue,Tears of the Giraffe,Secret History,Bastard Out of Carolina,The Poisonwood Bible
60,Bastard Out of Carolina,The Handmaid's Tale,The Blind Assassin,The Poisonwood Bible,The Virgin Suicides,A Thousand Acres
61,Beach House,"Forever... : A Novel of Good and Evil, Love and Hope",Mercy,Full Tilt,Touching Evil,Full House
62,Beach Music,Hot Six : A Stephanie Plum Novel,White Teeth: A Novel,"Scarlett : The Sequel to Margaret Mitchell's \Gone With the Wind\""""",Fat Tuesday,Songs in Ordinary Time
63,Before I Say Good-Bye,My Gal Sunday,Pretend You Don't See Her,Exclusive,Let Me Call You Sweetheart,Winter Moon
64,Bel Canto: A Novel,Tears of the Giraffe,The Bean Trees,A Prayer for Owen Meany,Wicked: The Life and Times of the Wicked Witch of the West,Angels and Demons
65,Beloved,Charming Billy,Song of Solomon,The Handmaid's Tale,A Widow for One Year,The Great Gatsby
66,Betrayal in Death,Portrait in Death,Macgregor Brides,Night Whispers,Purity in Death,The Reef
67,Big Stone Gap: A Novel,Empire Falls,The Stone Diaries,Sea Glass: A Novel,Blessings,The Honk and Holler Opening Soon
68,Big Trouble,A Widow for One Year,The No. 1 Ladies' Detective Agency,Coraline,A Man in Full,Naked
69,Billy Straight : A Novel,Deja Dead,Degree of Guilt,Death du Jour,Deck the Halls,Unnatural Exposure
70,Birthright,Key of Knowledge,Dangerous,Midnight Bayou,The Reef,Three Fates
71,Bittersweet,The Long Road Home,Eyes of a Child,The Rainmaker,Kaleidoscope,Exclusive
72,Black House,Wizard and Glass,The Gunslinger,Desperation,The Drawing of the Three,Everything's Eventual : 14 Dark Tales
73,Black Notice,Point of Origin,Unnatural Exposure,The Last Precinct,Guilty as Sin,The Body Farm
74,Black and Blue,Blessings,Fortune's Rocks : A Novel,Seven Habits Of Highly Effective People,Sea Glass: A Novel,One True Thing
75,Bleachers,Cry Wolf,The Edge,Journey,The King of Torts,Kaleidoscope
76,Blessings,One True Thing,The Dogs of Babel,Black and Blue,Echoes,The God of Small Things
77,Blood Work,Slammerkin,Empire Falls,Envy,The Angel of Darkness,Harvest
78,Blue Diary,A Man Named Dave: A Story of Triumph and Forgiveness,Sea Glass: A Novel,Turtle Moon,The Hours: A Novel,Where the Heart Is
79,Body of Evidence,All That Remains,Shadow Prey,Cruel and Unusual,Night Prey,Mind Prey
80,Body of Lies,Night Sins,Final Target,The Search,The Face of Deception,The Sands of Time
81,Brave New World,1984,How to Be Good,Naked,Five Quarters of the Orange,Love in the Time of Cholera
82,"Breath, Eyes, Memory","River, Cross My Heart",Song of Solomon,While I Was Gone,The Poisonwood Bible,We Were the Mulvaneys
83,Breathing Lessons,The Crimson Petal and the White,Seabiscuit: An American Legend,The Hours : A Novel,Absolute Power,Secrets
84,Bridge to Terabithia,Anne of the Island,The Giver,The Ugly Duckling,Midnight in the Garden of Good and Evil,Secrets
85,Bridget Jones : The Edge of Reason,Ladder of Years,The Glass Lake,The Reader,A Day Late and a Dollar Short,Naked
86,Bridget Jones's Diary,Bridget Jones: The Edge of Reason,The Bridges of Madison County,Zoya,Girl in Hyacinth Blue,How to Make an American Quilt
87,Bridget Jones: The Edge of Reason,Bridget Jones's Diary,"Girl, Interrupted",The Hundred Secret Senses,The Hours : A Novel,Watermelon
88,By the Light of the Moon,One Door Away from Heaven,Seize the Night,Whispers,Dragon Tears,Daddy's Little Girl
89,C Is for Corpse,K Is for Killer,I Is for Innocent,H Is for Homicide,B Is for Burglar,E Is for Evidence: A Kinsey Millhone Mystery
90,CAT'S EYE,Prime Cut,Irish Hearts,Unspeakable,Fingersmith,Secret History
91,Call of the Wild,The Lottery Winner : Alvirah And Willy Stories,Invasion,Postmortem,A Civil Action,The Temple of My Familiar
92,Carnal Innocence,Homeport,Montana Sky,Sanctuary,The Reef,Dance upon the Air
93,Carolina Moon,The Reef,Dance upon the Air,Key of Knowledge,Heaven and Earth,Sacred Sins
94,Carrie,Bag of Bones,Gerald's Game,The Dark Half,Insomnia,Rose Madder
95,Cat and Mouse,Hide and Seek,Exclusive,"Loves Music, Loves to Dance",Nothing Lasts Forever,Eyes of a Child
96,Catering to Nobody,Exclusive,The First Counsel,Fine Things,Dying for Chocolate,Hornet's Nest
97,Cause of Death,Unnatural Exposure,Exclusive,The Body Farm,Cruel and Unusual,All That Remains
98,Certain Prey,Chosen Prey,Shadow Prey,Night Prey,The Burden of Proof,Hornet's Nest
99,Charlotte's Web,Exclusive,Possession : A Romance,Harry Potter and the Prisoner of Azkaban,Harry Potter and the Chamber of Secrets,The Two Towers
100,Charming Billy,A Thousand Acres,Vinegar Hill,The Rapture of Canaan,Beloved,Plainsong
101,Chicken Soup for the Soul,Don't Sweat the Small Stuff and It's All Small Stuff : Simple Ways to Keep the Little Things from Taking Over Your Life,Jewel,At Home in Mitford,River's End,Shell Seekers
102,Chicken Soup for the Woman's Soul,Ellen Foster,A Lesson Before Dying,Secrets,Night Whispers,The Mulberry Tree
103,Chocolat,Five Quarters of the Orange,Unnatural Exposure,The Secret Garden,Hideaway,All I Really Need to Know
104,Choke,Flesh and Blood,The Murder Book,Isle of Dogs,The Blind Assassin,Animal Dreams
105,Chosen Prey,Mortal Prey,Easy Prey,Mind Prey,Eyes of a Child,The Dogs of Babel
106,Christine,Cujo,Pet Sematary,It,Watchers,Needful Things
107,Chromosome 6,Acceptable Risk,Invasion,Vector,The Hot Zone,Harvest
108,Circle of Friends,The Glass Lake,GARDEN OF SHADOWS,Nights in Rodanthe,Granny Dan,Dark Angel
109,Clear and Present Danger,Red Storm Rising,Rainbow Six,Patriot Games,Debt of Honor,The Hunt for Red October
110,Cold Mountain,Fried Green Tomatoes at the Whistle Stop Cafe,A Great Deliverance,Death du Jour,Mystic River,Cry Wolf
111,Cold Mountain : A Novel,Three Junes,STONES FROM THE RIVER,Empire Falls,Animal Dreams,Seabiscuit: An American Legend
112,Cold Sassy Tree,The Copper Beech,Under the Tuscan Sun,At Home in Mitford,A Map of the World,Jacob Have I Loved
113,Colony,Harvest,Exclusive,Envy,Nothing Lasts Forever,The Copper Beech
114,Coming Home,Winter Solstice,Shell Seekers,Devices and Desires,Tara Road,The Last Precinct
115,Confessions of a Shopaholic,Shopaholic Takes Manhattan,The Devil Wears Prada : A Novel,In Her Shoes : A Novel,The Nanny Diaries: A Novel,Shopaholic Ties the Knot
116,Confessions of an Ugly Stepsister : A Novel,Wicked: The Life and Times of the Wicked Witch of the West,Empire Falls,The Eyre Affair: A Novel,Tears of the Giraffe,Peace Like a River
117,Congo,Postmortem,Jacob Have I Loved,Clear and Present Danger,Strangers,The Firm
118,Contact,The Gunslinger,Fatal Cure,Stupid White Men ...and Other Sorry Excuses for the State of the Nation!,Dreamcatcher,Black House
119,Contagion,Fatal Cure,Vector,Family Album,Mr. Murder,From the Corner of His Eye
120,Coraline,A Year in Provence,Fingersmith,A Wrinkle In Time,Notes from a Small Island,Me Talk Pretty One Day
121,Couplehood,The Virgin Suicides,A Civil Action,Confessions of an Ugly Stepsister : A Novel,No Safe Place,A Patchwork Planet
122,Cradle and All,We'll Meet Again,Four Blind Mice,Fat Tuesday,The Client,Jack and Jill
123,Crazy for You,Now You See Her,Dangerous,Faking It,The Bachelor,Heartbreaker
124,Cruel and Unusual,All That Remains,The Body Farm,From Potter's Field,Point of Origin,The Clinic
125,Cry Wolf,The Edge,Night Sins,Montana Sky,A Thin Dark Line,The Reef
126,Cujo,Pet Sematary,It,Christine,Skeleton Crew,Desperation
127,D Is for Deadbeat,K Is for Killer,E Is for Evidence: A Kinsey Millhone Mystery,B Is for Burglar,H Is for Homicide,G Is for Gumshoe
128,Daddy,Accident,Message from Nam,Fine Things,Vanished,Heartbeat
129,Daddy's Little Girl,You Belong To Me,Family Album,I'll Be Seeing You,We'll Meet Again,Moonlight Becomes You
130,Daisy Fay and the Miracle Man,How to Make an American Quilt,"Welcome to the World, Baby Girl!",No Safe Place,Midnight in the Garden of Good and Evil,Call of the Wild
131,Dance upon the Air,Heaven and Earth,Face the Fire,Purity in Death,Carolina Moon,Macgregor Brides
132,Dances With Wolves,The Thorn Birds,Wuthering Heights,Primary Colors: A Novel of Politics,I'll Be Seeing You,The Testament
133,Dangerous,Birthright,Killjoy,Temptation,Family Album,"Forever... : A Novel of Good and Evil, Love and Hope"
134,Dark Angel,River's End,Midnight Bayou,Sanctuary,Carnal Innocence,GARDEN OF SHADOWS
135,Dark Paradise,Night Sins,Family Album,Guilty as Sin,Homeport,We'll Meet Again
136,Dark Rivers of the Heart,The Bad Place,Midnight,Icebound,While My Pretty One Sleeps,Lightning
137,Dawn,Message from Nam,The Long Road Home,Five Days in Paris,Fine Things,Kaleidoscope
138,Death du Jour,A Great Deliverance,The Last Precinct,Tara Road,Deja Dead,Over the Edge
139,Debt of Honor,The Cardinal of the Kremlin,Clear and Present Danger,The Sum of All Fears,Without Remorse,The First Counsel
140,Deception Point,Chosen Prey,Touching Evil,Harvest,Exclusive,Last Man Standing
141,Deck the Halls,Range of Motion,Exclusive,The Cradle Will Fall,On the Street Where You Live,I'll Be Seeing You
142,Degree of Guilt,WLD ACCORDNG GARP,All That Remains,Remember Me,We'll Meet Again,Shadow Prey
143,Deja Dead,Billy Straight : A Novel,Winter Solstice,Death du Jour,Exclusive,The Body Farm
144,Desperation,Rose Madder,Four Past Midnight,Black House,Dreamcatcher,Insomnia
145,Devices and Desires,Coming Home,Winter Solstice,Remember Me,The Sum of All Fears,The Last Precinct
146,Different Seasons,The Regulators,The Tommyknockers,It,Four Past Midnight,Wizard and Glass
147,Digital Fortress : A Thriller,Morality for Beautiful Girls,A Prayer for Owen Meany,The Woman Next Door,Balzac and the Little Chinese Seamstress : A Novel,Zoya
148,Disclosure,Plum Island,The Street Lawyer,A Day Late and a Dollar Short,From Potter's Field,The Celestine Prophecy
149,Divine Secrets of the Ya-Ya Sisterhood: A Novel,Girl in Hyacinth Blue,The Red Tent,The Nanny Diaries: A Novel,The Secret Life of Bees,Blue Diary
150,Dolores Claiborne,From the Corner of His Eye,Rose Madder,Watchers,Toxin,Gerald's Game
151,Don't Stand Too Close to a Naked Man,The First Counsel,Tis: A Memoir,Politically Correct Bedtime Stories: Modern Tales for Our Life and Times,A Lesson Before Dying,Exclusive
152,Don't Sweat the Small Stuff and It's All Small Stuff : Simple Ways to Keep the Little Things from Taking Over Your Life,Chicken Soup for the Soul,A Map of the World,Nights in Rodanthe,Icy Sparks,The Hours : A Novel
153,Dr. Atkins' New Diet Revolution,The Pull of the Moon,Dragonfly in Amber,Turtle Moon,Family Album,Contagion
154,Dragon Tears,Hideaway,While My Pretty One Sleeps,Before I Say Good-Bye,"Loves Music, Loves to Dance",Rose Madder
155,Dragonfly in Amber,Drums of Autumn,Voyager,Outlander,Falling Angels,Echoes
156,Dream Country,The Reef,Carolina Moon,Key of Knowledge,The Summerhouse,Rising Tides
157,Dreamcatcher,Desperation,Four Past Midnight,Black House,Bag of Bones,The Dark Half
158,Drowning Ruth,We Were the Mulvaneys,The Reader,Icy Sparks,What Looks Like Crazy On An Ordinary Day,The Last Time They Met : A Novel
159,Drums of Autumn,Dragonfly in Amber,Voyager,Outlander,The Horse Whisperer,Falling Angels
160,"Dude, Where's My Country?",The Robber Bride,The Hundred Secret Senses,Stupid White Men ...and Other Sorry Excuses for the State of the Nation!,The Blind Assassin,The Phantom Tollbooth
161,Dust to Dust,The Killing Game: Only One Can Win...and the Loser Dies,Nothing Lasts Forever,Night Sins,Unnatural Exposure,The Face of Deception
162,Dying for Chocolate,Three To Get Deadly : A Stephanie Plum Novel,Catering to Nobody,From Potter's Field,Prime Cut,The Body Farm
163,E Is for Evidence: A Kinsey Millhone Mystery,I Is for Innocent,H Is for Homicide,D Is for Deadbeat,F Is for Fugitive,K Is for Killer
164,Easy Prey,Chosen Prey,Mortal Prey,Sudden Prey,Flesh and Blood,Night Prey
165,Echoes,The Glass Lake,Angela's Ashes : A Memoir,The Return Journey,Harvest,The Copper Beech
166,Ellen Foster,Chicken Soup for the Woman's Soul,The Mulberry Tree,The Glass Lake,What Looks Like Crazy On An Ordinary Day,Dark Angel
167,Empire Falls,Tears of the Giraffe,A Prayer for Owen Meany,Confessions of an Ugly Stepsister : A Novel,Blood Work,Cold Mountain : A Novel
168,Ender's Game,Love in the Time of Cholera,Hearts in Atlantis,Absolute Power,The First Counsel,Don't Stand Too Close to a Naked Man
169,Engaging The Enemy,Message from Nam,"Truly, Madly Manhattan",Summer Pleasures,Jewels of the Sun,Fine Things
170,Envy,Final Target,Homeport,Midnight Bayou,Touching Evil,Sanctuary
171,Evening Class,Scarlet Feather,The Copper Beech,Tara Road,Winter Solstice,The Return Journey
172,Everything's Eventual : 14 Dark Tales,Desperation,Nightmares and Dreamscapes,Black House,Wizard and Glass,The Tommyknockers
173,Exclusive,The Long Road Home,Eyes of a Child,Fine Things,Secrets,The Cradle Will Fall
174,Executive Orders,The Cardinal of the Kremlin,The Sum of All Fears,Patriot Games,Without Remorse,Rainbow Six
175,Eyes of a Child,Exclusive,The Cradle Will Fall,Fine Things,Secrets,The Long Road Home
176,F Is for Fugitive,G Is for Gumshoe,I Is for Innocent,B Is for Burglar,E Is for Evidence: A Kinsey Millhone Mystery,H Is for Homicide
177,FORREST GUMP,Couplehood,Slow Waltz in Cedar Bend,Lake Wobegon Days,The Rainmaker,The Giver
178,Face the Fire,Heaven and Earth,Dance upon the Air,Purity in Death,The Reef,Macgregor Brides
179,Fahrenheit 451,1984,The Hitchhiker's Guide to the Galaxy,STONES FROM THE RIVER,The Divine Secrets of the Ya-Ya Sisterhood: A Novel,The Joy Luck Club
180,Faking It,Fast Women,The Mulberry Tree,The Woman Next Door,Midnight Bayou,The Jester
181,Fall On Your Knees,A Lesson Before Dying,We Were the Mulvaneys,House of Sand and Fog,Blue Diary,The Rapture of Canaan
182,Falling Angels,The Stone Diaries,Girl with a Pearl Earring,Echoes,The Shipping News : A Novel,Dragonfly in Amber
183,False Memory,Hideaway,From the Corner of His Eye,Winter Moon,The Alibi,The First Counsel
184,Family Album,Daddy's Little Girl,Dangerous,We'll Meet Again,Four Blind Mice,The Cradle Will Fall
185,Fast Food Nation: The Dark Side of the All-American Meal,The Reptile Room,Sudden Prey,Stupid White Men ...and Other Sorry Excuses for the State of the Nation!,Deja Dead,Brave New World
186,Fast Women,Faking It,The Bachelor,Touching Evil,Fat Tuesday,The Woman Next Door
187,Fat Tuesday,Exclusive,Nothing Lasts Forever,Homecoming,The Woman Next Door,Eyes of a Child
188,Fatal Cure,Contagion,Smart Women,Guilty as Sin,Family Album,Contact
189,Fatherhood,The Temple of My Familiar,"Loves Music, Loves to Dance",Misery,E Is for Evidence: A Kinsey Millhone Mystery,The General's Daughter
190,Fear Nothing,Seize the Night,Shadowfires,Dark Rivers of the Heart,Whispers,Pet Sematary
191,Final Target,Envy,Body of Lies,Last Man Standing,Sick Puppy,Shadowfires
192,Fine Things,Kaleidoscope,Zoya,Secrets,Message from Nam,Exclusive
193,Fingersmith,How to Be Good,Coraline,Under the Tuscan Sun,White Teeth: A Novel,CAT'S EYE
194,Five Days in Paris,Message from Nam,The Long Road Home,Fine Things,No Greater Love,Zoya
195,Five Quarters of the Orange,White Teeth: A Novel,Chocolat,High Fidelity,How to Be Good,To Kill a Mockingbird
196,Flesh and Blood,The Murder Book,Choke,Easy Prey,2nd Chance,The Last Precinct
197,"Forever... : A Novel of Good and Evil, Love and Hope",The Mulberry Tree,Killjoy,Mercy,Touching Evil,Three Fates
198,Fortune's Rocks : A Novel,The Crimson Petal and the White,Absolute Power,It Was on Fire When I Lay Down on It,Black and Blue,Remember Me
199,Fortune's Rocks: A Novel,Cry Wolf,Cold Mountain,Outlander,Death du Jour,Tara Road
200,Foucault's Pendulum,Exclusive,The Diary of Ellen Rimbauer: My Life at Rose Red,Love in the Time of Cholera,Jacob Have I Loved,Pay It Forward
201,Four Blind Mice,Violets Are Blue,2nd Chance,The Testament,Family Album,Cradle and All
202,Four Past Midnight,Rose Madder,The Tommyknockers,It,The Regulators,The Dark Half
203,Four To Score,High Five,Two for the Dough,Seven Up,Three To Get Deadly : A Stephanie Plum Novel,Hot Six : A Stephanie Plum Novel
204,Fried Green Tomatoes at the Whistle Stop Cafe,Cold Mountain,The Red Tent,The Stone Diaries,Rebecca,Ellen Foster
205,From Potter's Field,All That Remains,The Body Farm,Cruel and Unusual,Winter Solstice,Unnatural Exposure
206,From the Corner of His Eye,Dolores Claiborne,The Regulators,Mr. Murder,By the Light of the Moon,Toxin
207,Full House,Full Tilt,Seven Up,To the Nines: A Stephanie Plum Novel,Beach House,Nerd in Shining Armor
208,Full Tilt,Full House,Beach House,The Next Accident,Nerd in Shining Armor,Faking It
209,G Is for Gumshoe,F Is for Fugitive,H Is for Homicide,B Is for Burglar,I Is for Innocent,D Is for Deadbeat
210,GARDEN OF SHADOWS,Message from Nam,Fine Things,Circle of Friends,That Camden Summer,Dark Angel
211,Gerald's Game,The Dark Half,The Tommyknockers,Four Past Midnight,Rose Madder,The Regulators
212,Girl in Hyacinth Blue,Balzac and the Little Chinese Seamstress : A Novel,Divine Secrets of the Ya-Ya Sisterhood: A Novel,Girl with a Pearl Earring,The Five People You Meet in Heaven,Shopaholic Takes Manhattan
213,Girl with a Pearl Earring,The Red Tent,Falling Angels,One True Thing,Girl in Hyacinth Blue,Life of Pi
214,"Girl, Interrupted",Bridget Jones: The Edge of Reason,Midnight in the Garden of Good and Evil: A Savannah Story,The Girls' Guide to Hunting and Fishing,The Rapture of Canaan,Jemima J: A Novel About Ugly Ducklings and Swans
215,Good Omens,The Temple of My Familiar,The Hitchhiker's Guide to the Galaxy,The Fourth Hand,The Hours : A Novel,Pet Sematary
216,Good in Bed,In Her Shoes : A Novel,Family Album,The Girls' Guide to Hunting and Fishing,The Lovely Bones: A Novel,Daddy's Little Girl
217,Gorky Park,The English Patient,Tales of a Fourth Grade Nothing,What to Expect When You're Expecting,Silence of the Lambs,The Bourne Ultimatum
218,Granny Dan,Message from Nam,A Man Named Dave: A Story of Triumph and Forgiveness,The Reef,GARDEN OF SHADOWS,The Killing Game: Only One Can Win...and the Loser Dies
219,Guardian Angel,Temptation,Killjoy,Night Whispers,Heartbreaker,Dangerous
220,Guilty Pleasures,A Civil Action,Welcome to Temptation,Night Whispers,Fatal Cure,Nothing Lasts Forever
221,Guilty as Sin,The Search,Night Sins,The Face of Deception,Unnatural Exposure,Nothing Lasts Forever
222,H Is for Homicide,I Is for Innocent,E Is for Evidence: A Kinsey Millhone Mystery,G Is for Gumshoe,D Is for Deadbeat,F Is for Fugitive
223,Hannibal,Red Dragon,Rose Madder,The Drawing of the Three,Red Storm Rising,Interview with the Vampire
224,Hard Eight : A Stephanie Plum Novel,Seven Up,High Five,Hot Six : A Stephanie Plum Novel,To the Nines: A Stephanie Plum Novel,Three To Get Deadly : A Stephanie Plum Novel
225,Harry Potter and the Chamber of Secrets,Harry Potter and the Prisoner of Azkaban,Harry Potter and the Sorcerer's Stone,Harry Potter and the Goblet of Fire,Harry Potter and the Order of the Phoenix,Charlotte's Web
226,Harry Potter and the Goblet of Fire,Harry Potter and the Prisoner of Azkaban,Harry Potter and the Chamber of Secrets,Harry Potter and the Order of the Phoenix,Harry Potter and the Sorcerer's Stone,The Fellowship of the Ring
227,Harry Potter and the Order of the Phoenix,Harry Potter and the Goblet of Fire,Harry Potter and the Prisoner of Azkaban,Harry Potter and the Chamber of Secrets,Harry Potter and the Sorcerer's Stone,A Wrinkle In Time
228,Harry Potter and the Prisoner of Azkaban,Harry Potter and the Goblet of Fire,Harry Potter and the Chamber of Secrets,Harry Potter and the Sorcerer's Stone,Harry Potter and the Order of the Phoenix,The Fellowship of the Ring
229,Harry Potter and the Sorcerer's Stone,Harry Potter and the Chamber of Secrets,Harry Potter and the Prisoner of Azkaban,Harry Potter and the Goblet of Fire,Harry Potter and the Order of the Phoenix,The Mists of Avalon
230,Harvest,Colony,Envy,Exclusive,Vector,Chromosome 6
231,Heart of the Sea,Jewels of the Sun,Tears of the Moon,Macgregor Brides,River's End,Portrait in Death
232,Heartbeat,The Long Road Home,Message from Nam,No Greater Love,Secrets,Five Days in Paris
233,Heartbreaker,Mercy,Sacred Sins,Killjoy,"Forever... : A Novel of Good and Evil, Love and Hope",Temptation
234,Hearts In Atlantis,Desperation,Lightning,Dark Rivers of the Heart,Carrie,Bag of Bones
235,Hearts in Atlantis,The Celestine Prophecy,Exclusive,Second Nature,The Tao of Pooh,Chromosome 6
236,Heaven and Earth,The Reef,Dance upon the Air,Face the Fire,Three Fates,Macgregor Brides
237,Hemlock Bay,Purity in Death,Chosen Prey,Body of Lies,Last Man Standing,The Edge
238,Here on Earth,The Rapture of Canaan,Saint Maybe,Ladder of Years,The Book of Ruth,Winter Solstice
239,Hide and Seek,Exclusive,Cat and Mouse,The Clinic,Along Came a Spider,Unspeakable
240,Hideaway,Watchers,Dragon Tears,Sole Survivor,The Bad Place,Dark Rivers of the Heart
241,High Fidelity,About a Boy,How to Be Good,Notes from a Small Island,Five Quarters of the Orange,White Teeth: A Novel
242,High Five,Four To Score,Three To Get Deadly : A Stephanie Plum Novel,Hot Six : A Stephanie Plum Novel,Seven Up,Hard Eight : A Stephanie Plum Novel
243,Holes,Seabiscuit: An American Legend,A Patchwork Planet,One for the Money,No Greater Love,Night
244,Homecoming,Exclusive,Eyes of a Child,Fat Tuesday,Cat and Mouse,On the Street Where You Live
245,Homeport,Carnal Innocence,Sanctuary,The Reef,River's End,Montana Sky
246,Hornet's Nest,Sudden Prey,Silent Witness,Mortal Prey,Cause of Death,Exclusive
247,Hot Six : A Stephanie Plum Novel,High Five,Hard Eight : A Stephanie Plum Novel,Three To Get Deadly : A Stephanie Plum Novel,Four To Score,Seven Up
248,House of Sand and Fog,Midwives: A Novel,"River, Cross My Heart",Fall On Your Knees,Icy Sparks,We Were the Mulvaneys
249,How Stella Got Her Groove Back,Waiting to Exhale,"Breath, Eyes, Memory",Wicked: The Life and Times of the Wicked Witch of the West,Snow Falling on Cedars,Slammerkin
250,How to Be Good,High Fidelity,Saint Maybe,A Prayer for Owen Meany,Under the Tuscan Sun,The Hours: A Novel
251,How to Make an American Quilt,A Map of the World,The Phantom Tollbooth,The Witness,Daisy Fay and the Miracle Man,A Year in Provence
252,I Capture the Castle,Seabiscuit,The Hitchhiker's Guide to the Galaxy,Midnight in the Garden of Good and Evil,"Like Water for Chocolate : A Novel in Monthly Installments with Recipes, Romances, and Home Remedies",Slammerkin
253,I Is for Innocent,E Is for Evidence: A Kinsey Millhone Mystery,J Is for Judgment,H Is for Homicide,F Is for Fugitive,C Is for Corpse
254,I Know This Much Is True,The English Patient,Here on Earth,A Prayer for Owen Meany,The Angel of Darkness,Sea Glass: A Novel
255,I Know Why the Caged Bird Sings,The Long Road Home,Exclusive,A Prayer for Owen Meany,Jacob Have I Loved,The Giver
256,I'll Be Seeing You,You Belong To Me,Let Me Call You Sweetheart,Daddy's Little Girl,Before I Say Good-Bye,On the Street Where You Live
257,Icebound,Watchers,Dark Rivers of the Heart,Skeleton Crew,Hideaway,Lightning
258,Icy Sparks,House of Sand and Fog,Drowning Ruth,We Were the Mulvaneys,The Dogs of Babel,Homecoming
259,If Only It Were True,Remember Me,The Cradle Will Fall,The Most Wanted,The Witness,Daddy
260,If Tomorrow Comes,Master of the Game,The Talisman,The Guardian,Timeline,Needful Things
261,In Her Shoes : A Novel,Good in Bed,The Boy Next Door,The Five People You Meet in Heaven,Confessions of a Shopaholic,Flesh and Blood
262,Inner Harbor,Rising Tides,Sea Swept,Heart of the Sea,Tears of the Moon,Portrait in Death
263,Insomnia,Rose Madder,Desperation,The Dark Half,Pet Sematary,Nightmares and Dreamscapes
264,Intensity,Dolores Claiborne,Toxin,Misery,From the Corner of His Eye,Bag of Bones
265,Interview with the Vampire,The Vampire Lestat,The Tale of the Body Thief,The Witching Hour,The Queen of the Damned,Skeleton Crew
266,Into Thin Air : A Personal Account of the Mt. Everest Disaster,Tis : A Memoir,The Shipping News : A Novel,A Civil Action,Saint Maybe,Mystic River
267,Into the Wild,A Widow for One Year,A Man in Full,A Year in Provence,Moo,Good Omens
268,Invasion,Acceptable Risk,Chromosome 6,Tom Clancy's Op-Center,The Cradle Will Fall,Toxin
269,Irish Hearts,Macgregor Brides,Heart of the Sea,Stanislaski Brothers,Macgregor Grooms,Tears of the Moon
270,Isle of Dogs,Southern Cross,Shadow Prey,Chosen Prey,The Clinic,Easy Prey
271,It,The Regulators,Four Past Midnight,The Tommyknockers,Rose Madder,Cujo
272,It Was on Fire When I Lay Down on It,Hearts in Atlantis,Fortune's Rocks : A Novel,All I Really Need to Know,The Bonesetter's Daughter,Neverwhere
273,It's Always Something,The Sands of Time,The Bourne Identity,Slow Waltz in Cedar Bend,From Potter's Field,Point of Origin
274,J Is for Judgment,I Is for Innocent,E Is for Evidence: A Kinsey Millhone Mystery,H Is for Homicide,M Is for Malice,K Is for Killer
275,Jack and Jill,The Long Road Home,Heartbeat,While My Pretty One Sleeps,Before I Say Good-Bye,Five Days in Paris
276,Jacob Have I Loved,Exclusive,The Burden of Proof,Tom Clancy's Op-Center,L Is for Lawless,Colony
277,Jemima J: A Novel About Ugly Ducklings and Swans,The Virgin Suicides,Shopaholic Takes Manhattan,"Girl, Interrupted",The Honk and Holler Opening Soon,Under the Tuscan Sun
278,Jewel,We Were the Mulvaneys,While I Was Gone,"River, Cross My Heart",The Reader,Songs in Ordinary Time
279,Jewels of the Sun,Heart of the Sea,Tears of the Moon,Macgregor Brides,River's End,Purity in Death
280,Journey,Secrets,Kaleidoscope,Five Days in Paris,The Reef,Fine Things
281,Jurassic Park,The Lost World,Rising Sun,Sphere,Airframe,The Body Farm
282,K Is for Killer,D Is for Deadbeat,C Is for Corpse,E Is for Evidence: A Kinsey Millhone Mystery,B Is for Burglar,I Is for Innocent
283,Kaleidoscope,Fine Things,Message from Nam,Secrets,Zoya,Exclusive
284,Key of Knowledge,Key of Light,Key of Valor,Birthright,Sacred Sins,Purity in Death
285,Key of Light,Key of Knowledge,Key of Valor,Birthright,Purity in Death,Midnight Bayou
286,Key of Valor,Key of Knowledge,Purity in Death,Key of Light,Night Whispers,Face the Fire
287,Killjoy,Mercy,"Forever... : A Novel of Good and Evil, Love and Hope",Paradise,Temptation,Night Whispers
288,Kiss the Girls,The Killing Game: Only One Can Win...and the Loser Dies,Violets Are Blue,Roses Are Red,Along Came a Spider,The Poisonwood Bible
289,L Is for Lawless,M Is for Malice,E Is for Evidence: A Kinsey Millhone Mystery,K Is for Killer,J Is for Judgment,F Is for Fugitive
290,Ladder of Years,The Accidental Tourist,Here on Earth,Saint Maybe,Animal Dreams,Secret History
291,Lake Wobegon Days,Remember Me,Stillwatch,The Giver,Sea Glass: A Novel,Exclusive
292,"Lamb : The Gospel According to Biff, Christ's Childhood Pal",Bleachers,Love in the Time of Cholera,A Wrinkle In Time,Tears of the Giraffe,Morality for Beautiful Girls
293,Last Chance Saloon,The Long Road Home,The Idiot Girls' Action Adventure Club,Exclusive,Paradise,The House of the Spirits
294,Last Man Standing,Mortal Prey,Over the Edge,Q Is for Quarry,Final Target,Chosen Prey
295,Left Behind: A Novel of the Earth's Last Days,Tribulation Force: The Continuing Drama of Those Left Behind,Nicolae: The Rise of Antichrist,The Mulberry Tree,The Client,Night Whispers
296,Let Me Call You Sweetheart,Before I Say Good-Bye,Weep No More My Lady,I'll Be Seeing You,Exclusive,You Belong To Me
297,Life of Pi,Tell No One,The Lovely Bones: A Novel,Fried Green Tomatoes at the Whistle Stop Cafe,Fall On Your Knees,Balzac and the Little Chinese Seamstress : A Novel
298,Lightning,Fine Things,While My Pretty One Sleeps,Dark Rivers of the Heart,Shadowfires,Before I Say Good-Bye
299,"Like Water for Chocolate : A Novel in Monthly Installments with Recipes, Romances, and Home Remedies",I Capture the Castle,The Celestine Prophecy,The Catcher in the Rye,The Kitchen God's Wife,Black and Blue
300,"Like Water for Chocolate: A Novel in Monthly Installments With Recipes, Romances and Home Remedies",The Giver,The Dogs of Babel,The Temple of My Familiar,All the Pretty Horses,The Shipping News : A Novel
301,"Like Water for Chocolate: A Novel in Monthly Installments, With Recipes, Romances, and Home Remedies",The Phantom Tollbooth,Range of Motion,Atonement : A Novel,Anne Frank: The Diary of a Young Girl,"Like Water for Chocolate : A Novel in Monthly Installments with Recipes, Romances, and Home Remedies"
302,Little Altars Everywhere: A Novel,The Shipping News : A Novel,STONES FROM THE RIVER,The Pull of the Moon,Seven Habits Of Highly Effective People,The Pilot's Wife : A Novel
303,Long After Midnight,Final Target,Waiting to Exhale,River's End,Last Man Standing,Presumed Innocent
304,Lord of the Flies,Midnight in the Garden of Good and Evil,Animal Farm,Into Thin Air : A Personal Account of the Mt. Everest Disaster,To Kill a Mockingbird,The Rainmaker
305,Love in the Time of Cholera,Pigs in Heaven,Ender's Game,Matilda,Empire Falls,Prodigal Summer
306,"Loves Music, Loves to Dance",You Belong To Me,Moonlight Becomes You,My Gal Sunday,The Face of Deception,While My Pretty One Sleeps
307,Lucky : A Memoir,The Lovely Bones: A Novel,The Sweet Potato Queens' Book of Love,A Civil Action,One True Thing,Bridget Jones's Diary
308,M Is for Malice,L Is for Lawless,J Is for Judgment,G Is for Gumshoe,F Is for Fugitive,I Is for Innocent
309,Macgregor Brides,Portrait in Death,Stanislaski Brothers,The Reef,Jewels of the Sun,Heart of the Sea
310,Macgregor Grooms,Stanislaski Brothers,Face the Fire,The Reef,Irish Hearts,Birthright
311,Master of the Game,If Tomorrow Comes,The Long Road Home,The Bad Place,The Tommyknockers,The Drawing of the Three
312,Matilda,Love in the Time of Cholera,Holes,Bastard Out of Carolina,The Angel of Darkness,Seabiscuit: An American Legend
313,Me Talk Pretty One Day,Naked,The Idiot Girls' Action Adventure Club,SHIPPING NEWS,Coraline,The Eyre Affair: A Novel
314,"Men Are from Mars, Women Are from Venus: A Practical Guide for Improving Communication and Getting What You Want in Your Relationships",Jack and Jill,Exclusive,The Clinic,Smilla's Sense of Snow,The Edge
315,Mercy,Killjoy,"Forever... : A Novel of Good and Evil, Love and Hope",Heartbreaker,Purity in Death,Night Whispers
316,Message from Nam,The Long Road Home,Dawn,Kaleidoscope,Fine Things,Five Days in Paris
317,Message in a Bottle,Nights in Rodanthe,The Mulberry Tree,A Walk to Remember,River's End,Nightmares and Dreamscapes
318,Middlesex: A Novel,I Know This Much Is True,The Secret Life of Bees,The Da Vinci Code,Prodigal Summer,Under the Tuscan Sun
319,Midnight,Winter Moon,Dark Rivers of the Heart,Shadowfires,While My Pretty One Sleeps,Before I Say Good-Bye
320,Midnight Bayou,River's End,The Mulberry Tree,Three Fates,Birthright,Sanctuary
321,Midnight in the Garden of Good and Evil,A Wrinkle in Time,The Temple of My Familiar,Seabiscuit,Pigs in Heaven,The Sweet Potato Queens' Book of Love
322,Midnight in the Garden of Good and Evil: A Savannah Story,The Blind Assassin,Three Junes,The Poisonwood Bible: A Novel,"Girl, Interrupted",Bastard Out of Carolina
323,Midwives: A Novel,House of Sand and Fog,The Girls' Guide to Hunting and Fishing,A Map of the World,Peace Like a River,Drowning Ruth
324,Mind Prey,Sudden Prey,Mortal Prey,Rules of Prey,Chosen Prey,Night Prey
325,Mirror Image,Five Days in Paris,Message from Nam,The Long Road Home,Purity in Death,Wanderlust
326,Misery,The Tommyknockers,It,Bag of Bones,Thinner,Insomnia
327,Miss Julia Speaks Her Mind : A Novel,The Summerhouse,At Home in Mitford,Hard Eight : A Stephanie Plum Novel,The Devil Wears Prada : A Novel,Pop Goes the Weasel
328,Montana Sky,Carnal Innocence,The Reef,Homeport,Macgregor Brides,Heaven and Earth
329,Moo,The Hours : A Novel,Plainsong,A Thousand Acres,Into the Wild,A Virtuous Woman
330,Moonlight Becomes You,"Loves Music, Loves to Dance",The Face of Deception,You Belong To Me,Daddy's Little Girl,My Gal Sunday
331,Morality for Beautiful Girls,Tears of the Giraffe,The No. 1 Ladies' Detective Agency,Digital Fortress : A Thriller,"Welcome to the World, Baby Girl!",Pigs in Heaven
332,Mortal Fear,Mind Prey,Mortal Prey,Rules of Prey,Final Target,By the Light of the Moon
333,Mortal Prey,Chosen Prey,Last Man Standing,Mind Prey,Easy Prey,Sudden Prey
334,Mother of Pearl,A Patchwork Planet,We Were the Mulvaneys,Exclusive,"River, Cross My Heart",The Honk and Holler Opening Soon
335,Mr. Murder,Dark Rivers of the Heart,We'll Meet Again,No Greater Love,Icebound,From the Corner of His Eye
336,My Gal Sunday,Before I Say Good-Bye,"Loves Music, Loves to Dance",You Belong To Me,Weep No More My Lady,While My Pretty One Sleeps
337,Mystic River,Cold Mountain,The Switch,Cry Wolf,Saving Faith,Into Thin Air : A Personal Account of the Mt. Everest Disaster
338,N Is for Noose,B Is for Burglar,E Is for Evidence: A Kinsey Millhone Mystery,C Is for Corpse,Southern Cross,I Is for Innocent
339,Naked,Me Talk Pretty One Day,Bastard Out of Carolina,Brave New World,Bridget Jones : The Edge of Reason,1984
340,Needful Things,Pet Sematary,Insomnia,Christine,The Tommyknockers,Bag of Bones
341,Nerd in Shining Armor,Key of Valor,Purity in Death,Full Tilt,"Forever... : A Novel of Good and Evil, Love and Hope",The Bachelor
342,Neverwhere,It Was on Fire When I Lay Down on It,Wizard and Glass,Fortune's Rocks : A Novel,Foucault's Pendulum,False Memory
343,Nickel and Dimed: On Getting By in America,The Glass Lake,The Lovely Bones: A Novel,White Oleander : A Novel,Cry Wolf,Flesh and Blood
344,Nicolae: The Rise of Antichrist,Left Behind: A Novel of the Earth's Last Days,Tribulation Force: The Continuing Drama of Those Left Behind,The Burden of Proof,Violets Are Blue,Night Whispers
345,Night,Exclusive,Before I Say Good-Bye,Degree of Guilt,Let Me Call You Sweetheart,The Long Road Home
346,Night Prey,Rules of Prey,Shadow Prey,Mind Prey,Easy Prey,Body of Evidence
347,Night Sins,Body of Lies,Unnatural Exposure,Cry Wolf,The Switch,Guilty as Sin
348,Night Whispers,Portrait in Death,Macgregor Brides,Small Town Girl,Purity in Death,Killjoy
349,Nightmares and Dreamscapes,Rose Madder,Four Past Midnight,The Dark Half,Insomnia,Everything's Eventual : 14 Dark Tales
350,Nights in Rodanthe,The Mulberry Tree,Dark Angel,A Walk to Remember,GARDEN OF SHADOWS,The Wedding
351,No Greater Love,Five Days in Paris,The Long Road Home,Heartbeat,Message from Nam,Daddy
352,No Safe Place,A Civil Action,Silent Witness,The Temple of My Familiar,A Thousand Acres,Family Album
353,Notes from a Small Island,High Fidelity,How to Be Good,About a Boy,Blessings,Coraline
354,Nothing Lasts Forever,Dust to Dust,Fat Tuesday,Cat and Mouse,Colony,Eyes of a Child
355,Now You See Her,Crazy for You,The Witness,Suzanne's Diary for Nicholas,The Most Wanted,Irish Hearts
356,O is for Outlaw,I Is for Innocent,C Is for Corpse,H Is for Homicide,Q Is for Quarry,E Is for Evidence: A Kinsey Millhone Mystery
357,On the Street Where You Live,Weep No More My Lady,I'll Be Seeing You,You Belong To Me,While My Pretty One Sleeps,Exclusive
358,One Door Away from Heaven,By the Light of the Moon,Everything's Eventual : 14 Dark Tales,Fear Nothing,Pet Sematary,Midnight
359,One True Thing,Blessings,The Poisonwood Bible,Girl with a Pearl Earring,Evening Class,STONES FROM THE RIVER
360,One for the Money,Two for the Dough,Four To Score,High Five,Hard Eight : A Stephanie Plum Novel,Seven Up
361,Oryx and Crake,Presumed Innocent,The Girl Who Loved Tom Gordon,The Crimson Petal and the White,No Safe Place,Life of Pi
362,Outlander,Voyager,Drums of Autumn,Dragonfly in Amber,Fortune's Rocks: A Novel,Falling Angels
363,Over the Edge,Last Man Standing,Mortal Prey,Harvest,Mind Prey,Chosen Prey
364,P Is for Peril,D Is for Deadbeat,B Is for Burglar,H Is for Homicide,G Is for Gumshoe,K Is for Killer
365,Paradise,Killjoy,Welcome to Temptation,Macgregor Brides,Night Whispers,The Villa
366,Patriot Games,The Cardinal of the Kremlin,Clear and Present Danger,Executive Orders,The Hunt for Red October,Without Remorse
367,Pay It Forward,Hearts in Atlantis,Wild Animus,A Walk to Remember,Foucault's Pendulum,Saving Faith
368,Peace Like a River,Midwives: A Novel,Wicked: The Life and Times of the Wicked Witch of the West,Confessions of an Ugly Stepsister : A Novel,House of Sand and Fog,Empire Falls
369,Pet Sematary,Cujo,It,Insomnia,Skeleton Crew,Needful Things
370,Phantoms,Whispers,Pet Sematary,GARDEN OF SHADOWS,Fear Nothing,Skeleton Crew
371,Pigs in Heaven,Love in the Time of Cholera,The Poisonwood Bible,A Thousand Acres,Midnight in the Garden of Good and Evil,A Man Named Dave: A Story of Triumph and Forgiveness
372,Plainsong,Three Junes,Moo,Charming Billy,Midnight in the Garden of Good and Evil: A Savannah Story,A Heartbreaking Work of Staggering Genius
373,Pleading Guilty,Absolute Power,Rainbow Six,Wuthering Heights,The Girl Who Loved Tom Gordon,Drums of Autumn
374,Plum Island,Disclosure,Point of Origin,A Man in Full,Exclusive,All That Remains
375,Point of Origin,Black Notice,Cruel and Unusual,The Body Farm,Unnatural Exposure,Plum Island
376,Politically Correct Bedtime Stories: Modern Tales for Our Life and Times,Don't Stand Too Close to a Naked Man,Saving Faith,Into Thin Air : A Personal Account of the Mt. Everest Disaster,Saint Maybe,L Is for Lawless
377,Pop Goes the Weasel,The Clinic,1st to Die: A Novel,Cat and Mouse,The Woman Next Door,The Summons
378,Portrait in Death,Purity in Death,Macgregor Brides,Night Whispers,Sacred Sins,The Reef
379,Possession : A Romance,The Reptile Room,Charlotte's Web,Fingersmith,The Eyre Affair: A Novel,The Carousel
380,Postmortem,The Clinic,The Poisonwood Bible,Cruel and Unusual,Exclusive,Unnatural Exposure
381,Practical Magic,The Celestine Prophecy,You Belong To Me,Final Target,The Book of Ruth,All Around the Town
382,Presumed Innocent,Oryx and Crake,The Cardinal of the Kremlin,A Civil Action,Watchers,Long After Midnight
383,Pretend You Don't See Her,Before I Say Good-Bye,We'll Meet Again,My Gal Sunday,While My Pretty One Sleeps,Daddy's Little Girl
384,Pride and Prejudice,The English Patient,How to Be Good,Two for the Dough,Rising Sun,4 Blondes
385,Primary Colors: A Novel of Politics,Wuthering Heights,Dances With Wolves,Cold Mountain,Digital Fortress : A Thriller,Pleading Guilty
386,Prime Cut,Dying for Chocolate,CAT'S EYE,The Bachelor,Hard Eight : A Stephanie Plum Novel,Last Man Standing
387,Prodigal Summer,Zen and the Art of Motorcycle Maintenance: An Inquiry into Values,The Poisonwood Bible,Love in the Time of Cholera,The Bonesetter's Daughter,The Fourth Hand
388,Purity in Death,Portrait in Death,Macgregor Brides,The Reef,Sacred Sins,Dance upon the Air
389,Q Is for Quarry,O is for Outlaw,Last Man Standing,The Face of Deception,P Is for Peril,D Is for Deadbeat
390,Rainbow Six,Clear and Present Danger,The Cardinal of the Kremlin,Red Storm Rising,Sudden Prey,Without Remorse
391,Range of Motion,The Pull of the Moon,Deck the Halls,Fine Things,STONES FROM THE RIVER,The Last Time They Met : A Novel
392,Rebecca,The Edge,Cry Wolf,Fried Green Tomatoes at the Whistle Stop Cafe,I Capture the Castle,Schindler's List
393,Red Dragon,Hannibal,Silence of the Lambs,Red Storm Rising,Jurassic Park,Point of Origin
394,Red Storm Rising,Clear and Present Danger,Rainbow Six,The Sum of All Fears,Debt of Honor,Patriot Games
395,Remember Me,The Cradle Will Fall,Exclusive,Before I Say Good-Bye,Let Me Call You Sweetheart,The Witness
396,Riptide,Night Whispers,Portrait in Death,Face the Fire,Macgregor Brides,The Reef
397,Rising Sun,Jurassic Park,The Bonfire of the Vanities,Fatal Cure,The Princess Bride: S Morgenstern's Classic Tale of True Love and High Adventure,Sphere
398,Rising Tides,Inner Harbor,Sea Swept,The Reef,Heart of the Sea,Stanislaski Brothers
399,River's End,Sanctuary,Midnight Bayou,Heart of the Sea,Jewels of the Sun,Macgregor Brides
400,"River, Cross My Heart",We Were the Mulvaneys,House of Sand and Fog,Vinegar Hill,A Lesson Before Dying,While I Was Gone
401,Rose Madder,Four Past Midnight,The Regulators,It,Insomnia,Desperation
402,Roses Are Red,Kiss the Girls,Violets Are Blue,1st to Die: A Novel,The Murder Book,Pop Goes the Weasel
403,Rules of Prey,Night Prey,Mind Prey,Shadow Prey,The Door to December,All That Remains
404,SHIPPING NEWS,The Phantom Tollbooth,A Map of the World,The Alchemist: A Fable About Following Your Dream,The Weight of Water : A Novel Tag: Author of Resistance and Strange Fits of Passion,Ladder of Years
405,STONES FROM THE RIVER,Range of Motion,The Book of Ruth,Vinegar Hill,Cold Mountain : A Novel,The Pull of the Moon
406,Sacred Sins,The Reef,Portrait in Death,Purity in Death,Key of Knowledge,Macgregor Brides
407,Saint Maybe,Here on Earth,Ladder of Years,How to Be Good,The Honk and Holler Opening Soon,The Surgeon
408,Sanctuary,River's End,Homeport,Carnal Innocence,Sea Swept,Midnight Bayou
409,Saving Faith,Last Man Standing,The Sweet Potato Queens' Book of Love,C Is for Corpse,Harvest,Hearts in Atlantis
410,Scarlet Feather,Evening Class,Tara Road,Winter Solstice,The Return Journey,The Copper Beech
411,"Scarlett : The Sequel to Margaret Mitchell's \Gone With the Wind\""""",The Plains of Passage,Fine Things,Fat Tuesday,Seven Habits Of Highly Effective People,Jacob Have I Loved
412,Schindler's List,The Temple of My Familiar,The Diary of Ellen Rimbauer: My Life at Rose Red,"Scarlett : The Sequel to Margaret Mitchell's \Gone With the Wind\""""",ANGELA'S ASHES,Rebecca
413,Sea Glass: A Novel,Nights in Rodanthe,Blue Diary,The Clan of the Cave Bear,The Hours: A Novel,A Bend in the Road
414,Sea Swept,Inner Harbor,Rising Tides,Heart of the Sea,Sanctuary,The Reef
415,Seabiscuit,I Capture the Castle,The Hundred Secret Senses,Midnight in the Garden of Good and Evil,The Mulberry Tree,Midwives: A Novel
416,Seabiscuit: An American Legend,The Weight of Water : A Novel Tag: Author of Resistance and Strange Fits of Passion,Holes,Breathing Lessons,Slammerkin,The Blind Assassin
417,Second Nature,Hearts in Atlantis,All the Pretty Horses,Exclusive,Pop Goes the Weasel,I Know Why the Caged Bird Sings
418,Secret History,The Alienist,Ladder of Years,The Blind Assassin,Balzac and the Little Chinese Seamstress : A Novel,Bastard Out of Carolina
419,Secrets,Fine Things,Kaleidoscope,Zoya,Exclusive,Message from Nam
420,Seize the Night,Fear Nothing,By the Light of the Moon,Winter Moon,One Door Away from Heaven,The Bad Place
421,Seven Habits Of Highly Effective People,"Scarlett : The Sequel to Margaret Mitchell's \Gone With the Wind\""""",Black and Blue,Little Altars Everywhere: A Novel,Welcome to Temptation,Vinegar Hill
422,Seven Up,Hard Eight : A Stephanie Plum Novel,Four To Score,High Five,Three To Get Deadly : A Stephanie Plum Novel,To the Nines: A Stephanie Plum Novel
423,Shadow Prey,Night Prey,Rules of Prey,Body of Evidence,H Is for Homicide,All That Remains
424,Shadowfires,Winter Moon,Midnight,Fear Nothing,Lightning,Dark Rivers of the Heart
425,Shattered,Whispers,Beach House,Hemlock Bay,By the Light of the Moon,Shadowfires
426,She's Come Undone,Empire Falls,The Lovely Bones: A Novel,The Bonesetter's Daughter,We Were the Mulvaneys,Bastard Out of Carolina
427,Shell Seekers,Coming Home,Winter Solstice,Chicken Soup for the Soul,Echoes,Montana Sky
428,Shopaholic Takes Manhattan,Shopaholic Ties the Knot,The Devil Wears Prada : A Novel,Confessions of a Shopaholic,Tara Road,Wanderlust
429,Shopaholic Ties the Knot,Shopaholic Takes Manhattan,Jack and Jill,Confessions of a Shopaholic,While My Pretty One Sleeps,Tara Road
430,Sick Puppy,Final Target,Skeleton Crew,Shadowfires,The Tommyknockers,Plum Island
431,Silence of the Lambs,Red Dragon,The Vampire Lestat,Wizard and Glass,Desperation,E Is for Evidence: A Kinsey Millhone Mystery
432,Silent Witness,Exclusive,Hornet's Nest,The Clinic,Violets Are Blue,Cause of Death
433,Skeleton Crew,The Tommyknockers,The Dark Half,Pet Sematary,It,The Regulators
434,Skipping Christmas,Fine Things,The Wedding,Night Whispers,Kaleidoscope,Fall On Your Knees
435,Slammerkin,Blood Work,Sacred Sins,Montana Sky,Cry Wolf,Midnight in the Garden of Good and Evil
436,Sleepers,Everything's Eventual : 14 Dark Tales,No Safe Place,The Drawing of the Three,Pride and Prejudice,Brave New World
437,Slow Waltz in Cedar Bend,The Woman Next Door,It's Always Something,The Carousel,Vinegar Hill,The Glass Lake
438,Small Town Girl,That Camden Summer,Night Whispers,The Jester,The Mulberry Tree,Midnight Bayou
439,Smart Women,Wifey,The Killing Game: Only One Can Win...and the Loser Dies,Fatal Cure,Summer Sisters,The Glass Lake
440,Smilla's Sense of Snow,All the Pretty Horses,Hearts in Atlantis,Harvest,Chromosome 6,Unspeakable
441,Snow Falling on Cedars,While I Was Gone,Cry Wolf,White Oleander : A Novel,The Secret Life of Bees,Jewel
442,Sole Survivor,Hideaway,Dark Rivers of the Heart,I'll Be Seeing You,Before I Say Good-Bye,Whispers
443,Song of Solomon,"Breath, Eyes, Memory",The God of Small Things,Beloved,Mother of Pearl,While I Was Gone
444,Songs in Ordinary Time,Vinegar Hill,While I Was Gone,The Reader,Jewel,Sea Glass: A Novel
445,Sophie's World: A Novel About the History of Philosophy,Bastard Out of Carolina,Tales of a Fourth Grade Nothing,How Stella Got Her Groove Back,Suzanne's Diary for Nicholas,"Men Are from Mars, Women Are from Venus: A Practical Guide for Improving Communication and Getting What You Want in Your Relationships"
446,Southern Cross,Isle of Dogs,Cruel and Unusual,The Clinic,The Body Farm,Shadow Prey
447,Sphere,Airframe,Absolute Power,Jurassic Park,"Welcome to the World, Baby Girl!",A Man in Full
448,Standoff,Unspeakable,The Summerhouse,Sacred Sins,The Woman Next Door,Ashes to Ashes
449,Stanislaski Brothers,Tears of the Moon,Macgregor Brides,Midnight Bayou,The Reef,Rising Tides
450,Still Waters,Night Sins,Mortal Prey,When the Wind Blows,The Face of Deception,Cry Wolf
451,Stillwatch,You Belong To Me,I'll Be Seeing You,"Loves Music, Loves to Dance",While My Pretty One Sleeps,Weep No More My Lady
452,Strangers,The Regulators,The Bad Place,Bag of Bones,The Tommyknockers,Hideaway
453,Stupid White Men ...and Other Sorry Excuses for the State of the Nation!,Contact,The Robber Bride,"Dude, Where's My Country?",Rising Sun,"Tuesdays with Morrie: An Old Man, a Young Man, and Life's Greatest Lesson"
454,Sudden Prey,Mind Prey,Eyes of a Child,Mortal Prey,Easy Prey,Hornet's Nest
455,Summer Pleasures,"Truly, Madly Manhattan",The Reef,Engaging The Enemy,Sacred Sins,Macgregor Brides
456,Summer Sisters,Eyes of a Child,Wifey,Smart Women,Family Album,Wanderlust
457,Suzanne's Diary for Nicholas,The Most Wanted,Nights in Rodanthe,The Notebook,Now You See Her,The Lovely Bones: A Novel
458,Tales of a Fourth Grade Nothing,The Lottery Winner : Alvirah And Willy Stories,Gorky Park,F Is for Fugitive,G Is for Gumshoe,Carolina Moon
459,Taltos: Lives of the Mayfair Witches,Violin,The Tale of the Body Thief,The Queen of the Damned,The Witching Hour,No Safe Place
460,Tara Road,Scarlet Feather,Evening Class,Death du Jour,Echoes,Coming Home
461,Tears of the Giraffe,The No. 1 Ladies' Detective Agency,Morality for Beautiful Girls,Empire Falls,Balzac and the Little Chinese Seamstress : A Novel,Confessions of an Ugly Stepsister : A Novel
462,Tears of the Moon,Heart of the Sea,Jewels of the Sun,Stanislaski Brothers,Inner Harbor,Sea Swept
463,Tell Me Lies,The Partner,Crazy for You,The Runaway Jury,The Princess Bride: S Morgenstern's Classic Tale of True Love and High Adventure,The Mulberry Tree
464,Tell No One,The Next Accident,The Gunslinger,Violets Are Blue,Whispers,Life of Pi
465,Temptation,Killjoy,Birthright,Dangerous,Heartbreaker,"Forever... : A Novel of Good and Evil, Love and Hope"
466,That Camden Summer,Small Town Girl,Night Whispers,Midnight Bayou,GARDEN OF SHADOWS,Sacred Sins
467,The Accidental Tourist,Ladder of Years,Second Nature,The Return Journey,Coming Home,Echoes
468,The Alchemist: A Fable About Following Your Dream,The Witching Hour,SHIPPING NEWS,The Fourth Hand,The Loop,A Map of the World
469,The Alibi,The First Counsel,The Winner,The Switch,A Thin Dark Line,False Memory
470,The Alienist,Cry Wolf,The Poisonwood Bible,The Cradle Will Fall,Secret History,The Angel of Darkness
471,The Amber Spyglass,The Subtle Knife,The Golden Compass,The Eyre Affair: A Novel,A Fine Balance,"Like Water for Chocolate : A Novel in Monthly Installments with Recipes, Romances, and Home Remedies"
472,The Andromeda Strain,Colony,The Plains of Passage,Wild Animus,All the Pretty Horses,Smilla's Sense of Snow
473,The Angel of Darkness,A Man in Full,Blood Work,The Alienist,I Know This Much Is True,Love in the Time of Cholera
474,The Bachelor,Fast Women,The Woman Next Door,Nerd in Shining Armor,Faking It,Fine Things
475,The Bad Beginning,The Reptile Room,Chicken Soup for the Woman's Soul,Wicked: The Life and Times of the Wicked Witch of the West,"Angus, Thongs and Full-Frontal Snogging: Confessions of Georgia Nicolson",A Lesson Before Dying
476,The Bad Place,Dark Rivers of the Heart,Strangers,Hideaway,The Door to December,The Tommyknockers
477,The Beach House,The Face of Deception,2nd Chance,The Woman Next Door,The Devil Wears Prada : A Novel,The First Counsel
478,The Bean Trees,Animal Dreams,Bel Canto: A Novel,Pigs in Heaven,To Kill a Mockingbird,Tears of the Giraffe
479,The Blind Assassin,Midnight in the Garden of Good and Evil: A Savannah Story,Bastard Out of Carolina,Secret History,The Robber Bride,The Crimson Petal and the White
480,The Blue Nowhere : A Novel,Key of Knowledge,Body of Lies,Cat and Mouse,Daddy's Little Girl,2nd Chance
481,The Body Farm,From Potter's Field,All That Remains,Cruel and Unusual,Unnatural Exposure,Point of Origin
482,The Bonesetter's Daughter,The Kitchen God's Wife,The Hours : A Novel,The Red Tent,The Hundred Secret Senses,It Was on Fire When I Lay Down on It
483,The Bonfire of the Vanities,A Thousand Acres,The Eyre Affair: A Novel,Rising Sun,The Bad Beginning,Jurassic Park
484,The Book of Ruth,STONES FROM THE RIVER,Here on Earth,The Lovely Bones: A Novel,Bastard Out of Carolina,Practical Magic
485,The Bourne Identity,The Pelican Brief,It's Always Something,The Partner,Secrets,The General's Daughter
486,The Bourne Supremacy,River's End,Homeport,The Bourne Ultimatum,Harvest,Dark Angel
487,The Bourne Ultimatum,The Copper Beech,The Bourne Supremacy,Homeport,Harvest,Fear Nothing
488,The Boy Next Door,In Her Shoes : A Novel,The Bachelor,Silent Witness,Key of Light,Nerd in Shining Armor
489,The Brethren,The Partner,The Testament,The Street Lawyer,A Painted House,The Pelican Brief
490,The Bridges of Madison County,Accident,Bridget Jones's Diary,That Camden Summer,Nights in Rodanthe,Mirror Image
491,The Burden of Proof,Jacob Have I Loved,Eyes of a Child,Nicolae: The Rise of Antichrist,The Genesis Code,The Fourth Hand
492,The Cardinal of the Kremlin,Executive Orders,Patriot Games,Without Remorse,Debt of Honor,Rainbow Six
493,The Carousel,The Woman Next Door,The Reader,The Wedding,The Copper Beech,Slow Waltz in Cedar Bend
494,The Catcher in the Rye,The Hitchhiker's Guide to the Galaxy,The Nanny Diaries: A Novel,A Wrinkle in Time,To Kill a Mockingbird,Tis: A Memoir
495,The Celestine Prophecy,Hearts in Atlantis,Winter Solstice,Practical Magic,The English Patient,The Poisonwood Bible
496,The Chamber,The Rainmaker,The Client,The Firm,The Street Lawyer,The Partner
497,The Cider House Rules,The English Patient,Girl in Hyacinth Blue,The God of Small Things,The Five People You Meet in Heaven,A Prayer for Owen Meany
498,The Clan of the Cave Bear,The Valley of Horses,The Plains of Passage,Sea Glass: A Novel,The Red Tent,"Scarlett : The Sequel to Margaret Mitchell's \Gone With the Wind\"""""
499,The Client,The Pelican Brief,The Chamber,A Time to Kill,The Rainmaker,The Firm
500,The Clinic,H Is for Homicide,Exclusive,All That Remains,Cruel and Unusual,Hide and Seek
501,The Color Purple,Wuthering Heights,Schindler's List,The Prince of Tides,Jacob Have I Loved,Nightmares and Dreamscapes
502,The Color of Water: A Black Man's Tribute to His White Mother,Saint Maybe,Jemima J: A Novel About Ugly Ducklings and Swans,Blue Diary,The Lovely Bones: A Novel,To Kill a Mockingbird
503,The Copper Beech,Evening Class,The Bourne Ultimatum,Cold Sassy Tree,Harvest,Colony
504,The Cradle Will Fall,Exclusive,Eyes of a Child,Before I Say Good-Bye,While My Pretty One Sleeps,Remember Me
505,The Crimson Petal and the White,Fortune's Rocks : A Novel,The Hours : A Novel,A Civil Action,Breathing Lessons,The Blind Assassin
506,The Da Vinci Code,Angels and Demons,Touching Evil,Saving Faith,The Sweet Potato Queens' Book of Love,Middlesex: A Novel
507,The Dark Half,The Tommyknockers,Gerald's Game,Four Past Midnight,Skeleton Crew,Insomnia
508,The Deep End of the Ocean,Along Came a Spider,The Pull of the Moon,All the Pretty Horses,The Shipping News : A Novel,Hannibal
509,The Devil Wears Prada : A Novel,Shopaholic Takes Manhattan,Confessions of a Shopaholic,The Nanny Diaries: A Novel,The Hours : A Novel,Wanderlust
510,The Diary of Ellen Rimbauer: My Life at Rose Red,The Regulators,Nightmares and Dreamscapes,It,Foucault's Pendulum,The Tommyknockers
511,The Divine Secrets of the Ya-Ya Sisterhood: A Novel,The Shipping News : A Novel,Four To Score,The Nanny Diaries: A Novel,Tears of the Giraffe,B Is for Burglar
512,The Dogs of Babel,The Hours: A Novel,Chosen Prey,The Jester,"Like Water for Chocolate: A Novel in Monthly Installments With Recipes, Romances and Home Remedies",The Last Time They Met : A Novel
513,The Door to December,The Bad Place,Rules of Prey,Strangers,The Lottery Winner : Alvirah And Willy Stories,Stillwatch
514,The Drawing of the Three,The Gunslinger,Wizard and Glass,The Tommyknockers,Four Past Midnight,Desperation
515,The Edge,Cry Wolf,Mind Prey,Hemlock Bay,The Switch,Night Sins
516,The Eight,Year of Wonders,Night Sins,The Alibi,No Safe Place,The Other Boleyn Girl
517,The Empty Chair,P Is for Peril,Sudden Prey,The Summons,Unnatural Exposure,D Is for Deadbeat
518,The English Patient,The God of Small Things,The Hours : A Novel,The Celestine Prophecy,The Cider House Rules,Pride and Prejudice
519,The Eyre Affair: A Novel,Confessions of an Ugly Stepsister : A Novel,The Amber Spyglass,The Bonfire of the Vanities,The Bad Beginning,The Subtle Knife
520,The Face of Deception,"Loves Music, Loves to Dance",Moonlight Becomes You,You Belong To Me,Body of Lies,Night Sins
521,The Fellowship of the Ring,The Two Towers,The Return of the King,Harry Potter and the Prisoner of Azkaban,Harry Potter and the Goblet of Fire,Harry Potter and the Chamber of Secrets
522,The Firm,The Rainmaker,The Pelican Brief,The Chamber,The Client,A Time to Kill
523,The First Counsel,Debt of Honor,Exclusive,The Killing Game: Only One Can Win...and the Loser Dies,The Alibi,Don't Stand Too Close to a Naked Man
524,The Five People You Meet in Heaven,"Tuesdays with Morrie: An Old Man, a Young Man, and Life's Greatest Lesson",In Her Shoes : A Novel,The Woman Next Door,The Notebook,Nights in Rodanthe
525,The Fourth Hand,A Prayer for Owen Meany,The Hours : A Novel,Good Omens,The Burden of Proof,Empire Falls
526,The General's Daughter,Four Blind Mice,Fat Tuesday,Pop Goes the Weasel,Rainbow Six,Hearts in Atlantis
527,The Genesis Code,The Simple Truth,A Civil Action,The Burden of Proof,Last Chance Saloon,Exclusive
528,The Gift,Message from Nam,Night Whispers,The Long Road Home,The Mulberry Tree,Montana Sky
529,The Girl Who Loved Tom Gordon,The Regulators,It,Rose Madder,Four Past Midnight,Dreamcatcher
530,The Girls' Guide to Hunting and Fishing,The Sweet Potato Queens' Book of Love,Midwives: A Novel,The Virgin Suicides,The Nanny Diaries: A Novel,Good in Bed
531,The Giver,"Like Water for Chocolate: A Novel in Monthly Installments With Recipes, Romances and Home Remedies",Exclusive,Bridge to Terabithia,The Temple of My Familiar,I Know Why the Caged Bird Sings
532,The Glass Lake,Circle of Friends,Echoes,Dark Angel,Ellen Foster,Smart Women
533,The God of Small Things,The English Patient,A Widow for One Year,Song of Solomon,Blessings,The Cider House Rules
534,The Golden Compass,The Subtle Knife,The Amber Spyglass,American Gods,The Eyre Affair: A Novel,The Blind Assassin
535,The Great Gatsby,How to Be Good,The Catcher in the Rye,The English Patient,Beloved,Angela's Ashes: A Memoir
536,The Green Mile,Skeleton Crew,It,Pet Sematary,The Dark Half,Gerald's Game
537,The Guardian,Purity in Death,Key of Valor,The Long Road Home,The Rescue,Cry Wolf
538,The Gunslinger,The Drawing of the Three,Black House,Wizard and Glass,The Dark Half,Desperation
539,The Handmaid's Tale,Bastard Out of Carolina,A Civil Action,1984,The Kitchen God's Wife,The Red Tent
540,The Hitchhiker's Guide to the Galaxy,The Hours : A Novel,Pet Sematary,Good Omens,I Capture the Castle,Zen and the Art of Motorcycle Maintenance: An Inquiry into Values
541,The Hobbit : The Enchanting Prelude to The Lord of the Rings,The Two Towers,The Fellowship of the Ring,Where the Red Fern Grows,The Return of the King,The English Patient
542,The Honk and Holler Opening Soon,Saint Maybe,Mother of Pearl,A Lesson Before Dying,Wicked: The Life and Times of the Wicked Witch of the West,The Woman Next Door
543,The Horse Whisperer,The Loop,Drums of Autumn,The Alibi,Envy,Final Target
544,The Hot Zone,Chromosome 6,The Shipping News : A Novel,The Sweet Potato Queens' Book of Love,Pigs in Heaven,It Was on Fire When I Lay Down on It
545,The Hours : A Novel,The Hitchhiker's Guide to the Galaxy,A Thousand Acres,The English Patient,The Bonesetter's Daughter,The Fourth Hand
546,The Hours: A Novel,The Dogs of Babel,Blue Diary,The Temple of My Familiar,The Shipping News : A Novel,The Last Time They Met : A Novel
547,The House of the Spirits,You Belong To Me,Last Chance Saloon,The Lost World,The Cradle Will Fall,I'll Be Seeing You
548,The Hundred Secret Senses,Bridget Jones: The Edge of Reason,Seabiscuit,The Bonesetter's Daughter,The Kitchen God's Wife,A Case of Need
549,The Hunt for Red October,Clear and Present Danger,Patriot Games,Debt of Honor,Absolute Power,Without Remorse
550,The Idiot Girls' Action Adventure Club,Last Chance Saloon,The Sweet Potato Queens' Book of Love,Me Talk Pretty One Day,A Wrinkle in Time,A Bend in the Road
551,The Jester,Touching Evil,Small Town Girl,The Dogs of Babel,Killjoy,The Mulberry Tree
552,The Joy Luck Club,The Kitchen God's Wife,The Hundred Secret Senses,The Bonesetter's Daughter,The Other Boleyn Girl,The Great Gatsby
553,The Killing Game: Only One Can Win...and the Loser Dies,Dust to Dust,Kiss the Girls,Message from Nam,The Face of Deception,Smart Women
554,The King of Torts,Bleachers,The Reptile Room,Black House,Cruel and Unusual,Anne of Green Gables
555,The Kiss,The Reef,The First Counsel,A Man Named Dave: A Story of Triumph and Forgiveness,Granny Dan,Invasion
556,The Kitchen God's Wife,The Bonesetter's Daughter,The Joy Luck Club,Tears of the Giraffe,The Sweet Potato Queens' Book of Love,The Handmaid's Tale
557,The Last Precinct,Night Sins,Unnatural Exposure,Death du Jour,Cry Wolf,The Body Farm
558,The Last Time They Met : A Novel,The Woman Next Door,The Rapture of Canaan,The Dogs of Babel,A Bend in the Road,Drowning Ruth
559,The Little Prince,The Poisonwood Bible,Prodigal Summer,The Celestine Prophecy,Anne of Avonlea,Harry Potter and the Chamber of Secrets
560,The Long Road Home,Message from Nam,Exclusive,Heartbeat,Five Days in Paris,Fine Things
561,The Loop,The Horse Whisperer,Final Target,Postmortem,The Alchemist: A Fable About Following Your Dream,Hearts in Atlantis
562,The Lost World,Jurassic Park,The Sands of Time,Colony,The House of the Spirits,Jacob Have I Loved
563,The Lottery Winner : Alvirah And Willy Stories,Winter Moon,Call of the Wild,Hideaway,Shadowfires,Dark Rivers of the Heart
564,The Lovely Bones: A Novel,Where the Heart Is,Good in Bed,Drowning Ruth,The Book of Ruth,White Oleander : A Novel
565,The Mists of Avalon,Harry Potter and the Sorcerer's Stone,Year of Wonders,Drowning Ruth,Harry Potter and the Chamber of Secrets,Dragonfly in Amber
566,The Most Wanted,Dark Angel,The Killing Game: Only One Can Win...and the Loser Dies,Suzanne's Diary for Nicholas,Wanderlust,Smart Women
567,The Mulberry Tree,"Forever... : A Novel of Good and Evil, Love and Hope",Midnight Bayou,Three Fates,Killjoy,Sanctuary
568,The Mummy or Ramses the Damned,The Witching Hour,I Capture the Castle,The Queen of the Damned,Fried Green Tomatoes at the Whistle Stop Cafe,Shadow Prey
569,The Murder Book,Flesh and Blood,2nd Chance,Roses Are Red,Isle of Dogs,To the Nines: A Stephanie Plum Novel
570,The Nanny Diaries: A Novel,The Devil Wears Prada : A Novel,The Hours: A Novel,The Girls' Guide to Hunting and Fishing,A Lesson Before Dying,Shopaholic Takes Manhattan
571,The Next Accident,2nd Chance,Full Tilt,Tell No One,Hard Eight : A Stephanie Plum Novel,To the Nines: A Stephanie Plum Novel
572,The No. 1 Ladies' Detective Agency,Tears of the Giraffe,Morality for Beautiful Girls,Under the Tuscan Sun,The Crimson Petal and the White,Confessions of an Ugly Stepsister : A Novel
573,The Notebook,A Walk to Remember,The Rescue,One Door Away from Heaven,Toxin,The Five People You Meet in Heaven
574,The Other Boleyn Girl,The Eight,Second Nature,The Joy Luck Club,Girl in Hyacinth Blue,Empire Falls
575,The Partner,The Rainmaker,The Pelican Brief,The Street Lawyer,The Brethren,The Chamber
576,The Pelican Brief,The Client,The Firm,A Time to Kill,The Partner,The Rainmaker
577,The Perfect Storm : A True Story of Men Against the Sea,"Like Water for Chocolate: A Novel in Monthly Installments With Recipes, Romances and Home Remedies",The Reef,Seabiscuit: An American Legend,A Man Named Dave: A Story of Triumph and Forgiveness,Second Nature
578,The Phantom Tollbooth,A Wrinkle In Time,A Year in Provence,SHIPPING NEWS,A Wrinkle in Time,How to Make an American Quilt
579,The Pillars of the Earth,Drums of Autumn,Zoya,Dragonfly in Amber,The Mists of Avalon,Coraline
580,The Pilot's Wife : A Novel,Drowning Ruth,The Lovely Bones: A Novel,I Know This Much Is True,P Is for Peril,Little Altars Everywhere: A Novel
581,The Plains of Passage,The Valley of Horses,"Scarlett : The Sequel to Margaret Mitchell's \Gone With the Wind\""""",The Clan of the Cave Bear,Dust to Dust,The First Counsel
582,The Poisonwood Bible,Prodigal Summer,Kiss the Girls,Postmortem,The Alienist,The Celestine Prophecy
583,The Poisonwood Bible: A Novel,Midnight in the Garden of Good and Evil: A Savannah Story,Empire Falls,Jewel,Midwives: A Novel,Cold Sassy Tree
584,The Prince of Tides,Cold Mountain,Wish You Well,The Temple of My Familiar,The Hours: A Novel,Plum Island
585,The Princess Bride: S Morgenstern's Classic Tale of True Love and High Adventure,Rising Sun,Tears of the Giraffe,Tell Me Lies,Different Seasons,The Sweet Potato Queens' Book of Love
586,The Promise,Fine Things,Secrets,Daddy,Message from Nam,Kaleidoscope
587,The Pull of the Moon,Range of Motion,STONES FROM THE RIVER,The Deep End of the Ocean,Dr. Atkins' New Diet Revolution,Vinegar Hill
588,The Queen of the Damned,The Vampire Lestat,The Tale of the Body Thief,Taltos: Lives of the Mayfair Witches,Interview with the Vampire,The Witching Hour
589,The Rainmaker,The Firm,The Chamber,The Partner,The Client,The Pelican Brief
590,The Rapture of Canaan,Vinegar Hill,Here on Earth,Charming Billy,The Last Time They Met : A Novel,A Map of the World
591,The Reader,Drowning Ruth,A Lesson Before Dying,The Last Time They Met : A Novel,Jewel,Songs in Ordinary Time
592,The Red Tent,Girl with a Pearl Earring,The Bonesetter's Daughter,The Reader,Fried Green Tomatoes at the Whistle Stop Cafe,The Handmaid's Tale
593,The Reef,Heaven and Earth,Sacred Sins,Macgregor Brides,Montana Sky,Rising Tides
594,The Regulators,The Tommyknockers,It,Rose Madder,Four Past Midnight,The Girl Who Loved Tom Gordon
595,The Reptile Room,The Bad Beginning,Possession : A Romance,A Walk to Remember,The Last Time They Met : A Novel,The King of Torts
596,The Rescue,A Walk to Remember,The Notebook,The Guardian,A Man Named Dave: A Story of Triumph and Forgiveness,The Dogs of Babel
597,The Return Journey,Echoes,Evening Class,Scarlet Feather,Tara Road,Angela's Ashes : A Memoir
598,The Return of the King,The Two Towers,The Fellowship of the Ring,"Scarlett : The Sequel to Margaret Mitchell's \Gone With the Wind\""""",Red Storm Rising,Midnight in the Garden of Good and Evil
599,The Robber Bride,The Stone Diaries,A Thousand Acres,"Dude, Where's My Country?",The Blind Assassin,Stupid White Men ...and Other Sorry Excuses for the State of the Nation!
600,The Runaway Jury,The Rainmaker,The Partner,The Testament,The Pelican Brief,The Street Lawyer
601,The Sands of Time,Message from Nam,From Potter's Field,Montana Sky,Kaleidoscope,Body of Lies
602,The Saving Graces: A Novel,Angela's Ashes : A Memoir,The Secret Life of Bees,Girl in Hyacinth Blue,Tell No One,Wicked: The Life and Times of the Wicked Witch of the West
603,The Search,Body of Lies,Guilty as Sin,The Ugly Duckling,Night Sins,Purity in Death
604,The Secret Garden,That Camden Summer,A Walk to Remember,GARDEN OF SHADOWS,Circle of Friends,The Reptile Room
605,The Secret Life of Bees,Under the Tuscan Sun,Snow Falling on Cedars,Wicked: The Life and Times of the Wicked Witch of the West,The Five People You Meet in Heaven,A Painted House
606,The Shipping News : A Novel,The Divine Secrets of the Ya-Ya Sisterhood: A Novel,The Hours: A Novel,Exclusive,All the Pretty Horses,"Like Water for Chocolate: A Novel in Monthly Installments With Recipes, Romances and Home Remedies"
607,The Simple Truth,The Genesis Code,A Day Late and a Dollar Short,Harvest,Last Chance Saloon,Eyes of a Child
608,The Smoke Jumper,The Last Time They Met : A Novel,"Forever... : A Novel of Good and Evil, Love and Hope",The Summerhouse,The No. 1 Ladies' Detective Agency,The Loop
609,The Stone Diaries,Falling Angels,The Robber Bride,All the Pretty Horses,The Shipping News : A Novel,The Alienist
610,The Street Lawyer,The Testament,The Partner,The Chamber,The Pelican Brief,The Firm
611,The Subtle Knife,The Amber Spyglass,The Golden Compass,The Eyre Affair: A Novel,Song of Solomon,The God of Small Things
612,The Sum of All Fears,Executive Orders,Debt of Honor,Red Storm Rising,Patriot Games,Clear and Present Danger
613,The Summerhouse,The Woman Next Door,Unspeakable,Standoff,Miss Julia Speaks Her Mind : A Novel,Heartbreaker
614,The Summons,The Empty Chair,Pop Goes the Weasel,Colony,The Street Lawyer,1st to Die: A Novel
615,The Surgeon,The Mulberry Tree,Hard Eight : A Stephanie Plum Novel,Midnight Bayou,Seven Up,Mercy
616,The Sweet Potato Queens' Book of Love,The Girls' Guide to Hunting and Fishing,The Virgin Suicides,Saving Faith,Midnight in the Garden of Good and Evil,The Kitchen God's Wife
617,The Switch,Night Sins,The Edge,Key of Valor,Face the Fire,The Alibi
618,The Tale of the Body Thief,The Vampire Lestat,The Queen of the Damned,Interview with the Vampire,Taltos: Lives of the Mayfair Witches,The Witching Hour
619,The Talisman,The Tommyknockers,It,The Regulators,Skeleton Crew,Desperation
620,The Tao of Pooh,Hearts in Atlantis,The Plains of Passage,Winter Moon,The Giver,Wild Animus
621,The Temple of My Familiar,Schindler's List,The Hours: A Novel,Good Omens,"Like Water for Chocolate: A Novel in Monthly Installments With Recipes, Romances and Home Remedies",Midnight in the Garden of Good and Evil
622,The Testament,The Street Lawyer,Four Blind Mice,The Brethren,The Runaway Jury,The Client
623,The Thorn Birds,Wuthering Heights,Dances With Wolves,GARDEN OF SHADOWS,River's End,Intensity
624,The Tommyknockers,The Regulators,Four Past Midnight,The Dark Half,It,Rose Madder
625,The Two Towers,The Fellowship of the Ring,The Return of the King,Charlotte's Web,The Hobbit : The Enchanting Prelude to The Lord of the Rings,It Was on Fire When I Lay Down on It
626,The Ugly Duckling,A Thin Dark Line,Exclusive,The Face of Deception,Secrets,Eyes of a Child
627,The Valley of Horses,The Clan of the Cave Bear,The Plains of Passage,Vinegar Hill,Dust to Dust,The Empty Chair
628,The Vampire Lestat,The Tale of the Body Thief,The Queen of the Damned,Interview with the Vampire,The Witching Hour,The Drawing of the Three
629,The Villa,The Reef,Heaven and Earth,Three Fates,Purity in Death,Portrait in Death
630,The Virgin Suicides,A Lesson Before Dying,The Sweet Potato Queens' Book of Love,Couplehood,The Girls' Guide to Hunting and Fishing,Fall On Your Knees
631,The Wedding,Nights in Rodanthe,The Jester,Skipping Christmas,The Rescue,Welcome to Temptation
632,The Weight of Water : A Novel Tag: Author of Resistance and Strange Fits of Passion,Seabiscuit: An American Legend,Nothing Lasts Forever,The Vampire Lestat,The Stone Diaries,The Phantom Tollbooth
633,The Winner,The Alibi,The First Counsel,Echoes,Saving Faith,The Cardinal of the Kremlin
634,The Witching Hour,The Vampire Lestat,Violin,Interview with the Vampire,The Tale of the Body Thief,The Queen of the Damned
635,The Witness,Secrets,Exclusive,Message from Nam,Kaleidoscope,Remember Me
636,The Woman Next Door,The Summerhouse,The Last Time They Met : A Novel,Fat Tuesday,Whirlwind,Last Man Standing
637,Thinner,The Dark Half,Misery,The Tommyknockers,Gerald's Game,Carrie
638,Three Fates,Heaven and Earth,The Reef,Midnight Bayou,The Mulberry Tree,Rising Tides
639,Three Junes,Plainsong,Cold Mountain : A Novel,Midnight in the Garden of Good and Evil: A Savannah Story,Under the Tuscan Sun,Wicked: The Life and Times of the Wicked Witch of the West
640,Three To Get Deadly : A Stephanie Plum Novel,High Five,Seven Up,Four To Score,Two for the Dough,Hard Eight : A Stephanie Plum Novel
641,Timeline,A Man in Full,Sphere,The Tommyknockers,Mirror Image,If Tomorrow Comes
642,Tis : A Memoir,Into Thin Air : A Personal Account of the Mt. Everest Disaster,The First Counsel,The Temple of My Familiar,Don't Stand Too Close to a Naked Man,False Memory
643,Tis: A Memoir,Cry Wolf,Don't Stand Too Close to a Naked Man,A Great Deliverance,Death du Jour,The Catcher in the Rye
644,To Kill a Mockingbird,The Catcher in the Rye,Five Quarters of the Orange,The Bean Trees,The Color of Water: A Black Man's Tribute to His White Mother,Rebecca
645,To the Nines: A Stephanie Plum Novel,Seven Up,Hard Eight : A Stephanie Plum Novel,The Mulberry Tree,Full House,"Forever... : A Novel of Good and Evil, Love and Hope"
646,Tom Clancy's Op-Center,Exclusive,Invasion,"Truly, Madly Manhattan",Rainbow Six,Jacob Have I Loved
647,Touching Evil,"Forever... : A Novel of Good and Evil, Love and Hope",Killjoy,The Jester,Envy,Mercy
648,Toxin,Dolores Claiborne,Invasion,Watchers,Acceptable Risk,Vector
649,Tribulation Force: The Continuing Drama of Those Left Behind,Left Behind: A Novel of the Earth's Last Days,Nicolae: The Rise of Antichrist,The Next Accident,Dust to Dust,The Summerhouse
650,"Truly, Madly Manhattan",Macgregor Brides,Summer Pleasures,Engaging The Enemy,River's End,The Reef
651,"Tuesdays with Morrie: An Old Man, a Young Man, and Life's Greatest Lesson",The Five People You Meet in Heaven,Girl in Hyacinth Blue,Stupid White Men ...and Other Sorry Excuses for the State of the Nation!,The Girls' Guide to Hunting and Fishing,The Notebook
652,Turtle Moon,Blue Diary,Range of Motion,Wanderlust,Dr. Atkins' New Diet Revolution,Here on Earth
653,Two for the Dough,Four To Score,One for the Money,Seven Up,Three To Get Deadly : A Stephanie Plum Novel,High Five
654,Under the Tuscan Sun,C Is for Corpse,Cold Sassy Tree,The No. 1 Ladies' Detective Agency,How to Be Good,Q Is for Quarry
655,Unnatural Exposure,The Body Farm,Night Sins,Point of Origin,From Potter's Field,Cruel and Unusual
656,Unspeakable,Exclusive,Standoff,The Long Road Home,Fine Things,Let Me Call You Sweetheart
657,Vanished,Accident,Daddy,Heartbeat,Secrets,No Greater Love
658,Vector,Chromosome 6,Contagion,Harvest,Toxin,From the Corner of His Eye
659,Vinegar Hill,The Rapture of Canaan,Songs in Ordinary Time,Charming Billy,"River, Cross My Heart",Drowning Ruth
660,Violets Are Blue,Four Blind Mice,Kiss the Girls,Roses Are Red,Fear Nothing,2nd Chance
661,Violin,Taltos: Lives of the Mayfair Witches,The Witching Hour,The Tale of the Body Thief,Interview with the Vampire,The Bad Place
662,Voyager,Dragonfly in Amber,Drums of Autumn,Outlander,Cold Mountain,Falling Angels
663,WLD ACCORDNG GARP,Degree of Guilt,Acceptable Risk,Fortune's Rocks: A Novel,The Prince of Tides,The Vampire Lestat
664,Waiting to Exhale,Winter Moon,Long After Midnight,Fat Tuesday,How Stella Got Her Groove Back,Summer Pleasures
665,Wanderlust,Message from Nam,The Long Road Home,Heartbeat,Fine Things,Five Days in Paris
666,Watchers,Hideaway,Icebound,Dolores Claiborne,Lightning,Dark Rivers of the Heart
667,Watermelon,Mother of Pearl,Bridget Jones: The Edge of Reason,Mind Prey,The Killing Game: Only One Can Win...and the Loser Dies,A Day Late and a Dollar Short
668,Watership Down,The English Patient,The Witching Hour,The Girl Who Loved Tom Gordon,The Fellowship of the Ring,The Bonesetter's Daughter
669,We Were the Mulvaneys,Jewel,Fall On Your Knees,"River, Cross My Heart",Drowning Ruth,Icy Sparks
670,We'll Meet Again,Pretend You Don't See Her,While My Pretty One Sleeps,Daddy's Little Girl,Family Album,Mr. Murder
671,Weep No More My Lady,On the Street Where You Live,Let Me Call You Sweetheart,My Gal Sunday,You Belong To Me,Before I Say Good-Bye
672,Welcome to Temptation,Paradise,Macgregor Brides,The Villa,Night Whispers,Mercy
673,"Welcome to the World, Baby Girl!",Airframe,Sphere,Morality for Beautiful Girls,Daisy Fay and the Miracle Man,The Last Precinct
674,What Looks Like Crazy On An Ordinary Day,Ellen Foster,Drowning Ruth,Watchers,All That Remains,The Girls' Guide to Hunting and Fishing
675,What to Expect When You're Expecting,Sea Swept,River's End,The Rainmaker,Chicken Soup for the Woman's Soul,Jewels of the Sun
676,When the Wind Blows,Still Waters,Along Came a Spider,Kiss the Girls,Cat and Mouse,Roses Are Red
677,Where the Heart Is,Blue Diary,The Lovely Bones: A Novel,Icy Sparks,I Know This Much Is True,Deck the Halls
678,Where the Red Fern Grows,Misery,Slammerkin,Under the Tuscan Sun,The Hobbit : The Enchanting Prelude to The Lord of the Rings,Anne of the Island
679,While I Was Gone,Songs in Ordinary Time,Jewel,"River, Cross My Heart",Snow Falling on Cedars,We Were the Mulvaneys
680,While My Pretty One Sleeps,Lightning,Dark Rivers of the Heart,The Cradle Will Fall,Dragon Tears,Before I Say Good-Bye
681,Whirlwind,The Woman Next Door,Heartbreaker,Sacred Sins,The Bachelor,Standoff
682,Whispers,Winter Moon,Fear Nothing,Midnight,Phantoms,By the Light of the Moon
683,White Oleander : A Novel,Night Whispers,We Were the Mulvaneys,The Lovely Bones: A Novel,Snow Falling on Cedars,Fine Things
684,White Teeth: A Novel,Five Quarters of the Orange,High Fidelity,Fingersmith,Beach Music,Notes from a Small Island
685,Wicked: The Life and Times of the Wicked Witch of the West,Confessions of an Ugly Stepsister : A Novel,Empire Falls,The Bad Beginning,Peace Like a River,"Angus, Thongs and Full-Frontal Snogging: Confessions of Georgia Nicolson"
686,Wifey,Smart Women,Accident,Message from Nam,Summer Sisters,Wanderlust
687,Wild Animus,Pay It Forward,At Home in Mitford,The First Counsel,The Andromeda Strain,The Tao of Pooh
688,Winter Moon,Shadowfires,Before I Say Good-Bye,Midnight,Whispers,Lightning
689,Winter Solstice,Coming Home,From Potter's Field,Deja Dead,The Celestine Prophecy,Montana Sky
690,Wish You Well,Saving Faith,Jewel,The Celestine Prophecy,Unnatural Exposure,Still Waters
691,Without Remorse,The Cardinal of the Kremlin,Debt of Honor,Executive Orders,Clear and Present Danger,Rainbow Six
692,Wizard and Glass,The Drawing of the Three,Black House,The Gunslinger,The Regulators,The Tommyknockers
693,Wuthering Heights,The Thorn Birds,Primary Colors: A Novel of Politics,Dances With Wolves,"Like Water for Chocolate: A Novel in Monthly Installments With Recipes, Romances and Home Remedies",Pleading Guilty
694,Year of Wonders,The Eight,A Heartbreaking Work of Staggering Genius,Bridget Jones: The Edge of Reason,Midwives: A Novel,The Mists of Avalon
695,You Belong To Me,"Loves Music, Loves to Dance",I'll Be Seeing You,Before I Say Good-Bye,Daddy's Little Girl,All Around the Town
696,Zen and the Art of Motorcycle Maintenance: An Inquiry into Values,Prodigal Summer,Pet Sematary,Midnight,The Hitchhiker's Guide to the Galaxy,A Prayer for Owen Meany
697,Zoya,Fine Things,Secrets,Kaleidoscope,Exclusive,Five Days in Paris
